pk,formula,n_atoms,n_electrons,is_odd,spin_type,elements
4339,AsY,2,26,False,none,"['As', 'Y']"
23885,BZr,2,15,True,collinear,"['B', 'Zr']"
890,CdTe,2,36,False,none,"['Cd', 'Te']"
20557,FeS,2,22,False,none,"['Fe', 'S']"
27007,NTc,2,20,False,none,"['N', 'Tc']"
2370,Nb2,2,26,False,none,['Nb']
4981,SbY,2,26,False,none,"['Sb', 'Y']"
1418,B2Be,3,10,False,none,"['B', 'Be']"
13430,BaLiSi,3,17,True,collinear,"['Ba', 'Li', 'Si']"
19462,CAgN,3,28,False,none,"['Ag', 'C', 'N']"
26212,CoCrTe,3,47,True,collinear,"['Co', 'Cr', 'Te']"
15954,CuMgSn,3,43,True,collinear,"['Cu', 'Mg', 'Sn']"
30863,TaTe2,3,45,True,collinear,"['Ta', 'Te']"
16349,Al3Zr,4,21,True,collinear,"['Al', 'Zr']"
14092,B2Pt2,4,42,False,none,"['B', 'Pt']"
11043,CrNb3,4,53,True,collinear,"['Cr', 'Nb']"
5221,Cu2GaSc,4,62,False,none,"['Cu', 'Ga', 'Sc']"
26887,InPd2Sc,4,60,False,none,"['In', 'Pd', 'Sc']"
28416,MnPd2Sn,4,65,True,collinear,"['Mn', 'Pd', 'Sn']"
22889,Ni2Pb2,4,64,False,none,"['Ni', 'Pb']"
1934,Ni2SnV,4,63,True,collinear,"['Ni', 'Sn', 'V']"
30896,B2NiW2,5,52,False,none,"['B', 'Ni', 'W']"
27170,BaS3Zr,5,40,False,none,"['Ba', 'S', 'Zr']"
14479,Ca3N2,5,40,False,none,"['Ca', 'N']"
6931,CaMg2Sb2,5,60,False,none,"['Ca', 'Mg', 'Sb']"
2917,AgClO4,6,50,False,none,"['Ag', 'Cl', 'O']"
1831,As4Mo2,6,88,False,none,"['As', 'Mo']"
23215,Br2N2Zr2,6,48,False,none,"['Br', 'N', 'Zr']"
15123,Mg2Na2Sb2,6,68,False,none,"['Mg', 'Na', 'Sb']"
25333,Ru2Te4,6,96,False,none,"['Ru', 'Te']"
21564,B4Mn2W,7,56,False,none,"['B', 'Mn', 'W']"
19005,Ba3N2OZn,7,66,False,none,"['Ba', 'N', 'O', 'Zn']"
30996,Na5Sn2,7,73,True,collinear,"['Na', 'Sn']"
9280,Al2Ti4Zr2,8,78,False,none,"['Al', 'Ti', 'Zr']"
30093,As4Zr4,8,108,False,none,"['As', 'Zr']"
11305,Ba2Bi4Cd2,8,120,False,none,"['Ba', 'Bi', 'Cd']"
18183,CaLi2O4Si,8,44,False,none,"['Ca', 'Li', 'O', 'Si']"
20655,Hf2Ni4Sb2,8,126,False,none,"['Hf', 'Ni', 'Sb']"
16169,LiPd7,8,129,True,collinear,"['Li', 'Pd']"
25542,Pt2V6,8,114,False,none,"['Pt', 'V']"
28846,B3Co3Nb3,9,99,True,collinear,"['B', 'Co', 'Nb']"
27514,CCs4O4,9,64,False,none,"['C', 'Cs', 'O']"
3835,CoF6K2,9,77,True,collinear,"['Co', 'F', 'K']"
13902,P3Ti6,9,87,True,collinear,"['P', 'Ti']"
24026,Be4Nb6,10,94,False,none,"['Be', 'Nb']"
26468,Br8Nb2,10,82,False,none,"['Br', 'Nb']"
20155,In2Ni4Sc4,10,142,False,none,"['In', 'Ni', 'Sc']"
6144,Br8Ga2Pd,11,100,False,none,"['Br', 'Ga', 'Pd']"
25833,Fe6Ge4Zr,11,164,False,none,"['Fe', 'Ge', 'Zr']"
24408,H3Li4MgN3,11,40,False,none,"['H', 'Li', 'Mg', 'N']"
9542,Al2F8N2,12,72,False,none,"['Al', 'F', 'N']"
9184,Ba2O8W2,12,96,False,none,"['Ba', 'O', 'W']"
16353,Ba8Pb4,12,136,False,none,"['Ba', 'Pb']"
29552,C4W8,12,128,False,none,"['C', 'W']"
17301,Cu4Sc4Si4,12,136,False,none,"['Cu', 'Sc', 'Si']"
30111,Fe4P4Ti4,12,132,False,none,"['Fe', 'P', 'Ti']"
11150,FeO8RbSe2,12,105,True,collinear,"['Fe', 'O', 'Rb', 'Se']"
17276,Li3Ni3O6,12,99,True,collinear,"['Li', 'Ni', 'O']"
27076,O8V4,12,100,False,none,"['O', 'V']"
32555,Pt4Si4Y4,12,132,False,none,"['Pt', 'Si', 'Y']"
24493,Fe6Ga6Zr,13,186,False,none,"['Fe', 'Ga', 'Zr']"
9123,K2O8PbS2,13,92,False,none,"['K', 'O', 'Pb', 'S']"
28669,Nb6Sn6Y,13,173,True,collinear,"['Nb', 'Sn', 'Y']"
3285,B2Pd12,14,222,False,none,"['B', 'Pd']"
13305,BaCaFe4O8,14,132,False,none,"['Ba', 'Ca', 'Fe', 'O']"
5031,Ca2Mg2N8Si4,16,96,False,none,"['Ca', 'Mg', 'N', 'Si']"
28672,Cl12Rb2Sb2,16,132,False,none,"['Cl', 'Rb', 'Sb']"
13810,H4O8P2Rb2,16,80,False,none,"['H', 'O', 'P', 'Rb']"
12972,B5Cu3Pt9,17,234,False,none,"['B', 'Cu', 'Pt']"
6999,Ag2Bi6S10,18,188,False,none,"['Ag', 'Bi', 'S']"
5518,Ag8O8Si2,18,208,False,none,"['Ag', 'O', 'Si']"
27091,Ba3Cu2O10PtY2,18,168,False,none,"['Ba', 'Cu', 'O', 'Pt', 'Y']"
2892,O10Pb6Se2,18,176,False,none,"['O', 'Pb', 'Se']"
3024,O12Rh4Te2,18,172,False,none,"['O', 'Rh', 'Te']"
33682,C8O4S8,20,104,False,none,"['C', 'O', 'S']"
3281,Ca2O12Si4Zn2,20,148,False,none,"['Ca', 'O', 'Si', 'Zn']"
15599,Ca4O12Ti4,20,160,False,none,"['Ca', 'O', 'Ti']"
20668,Cl4Cs12O4,20,160,False,none,"['Cl', 'Cs', 'O']"
27407,Fe8Hf4Si8,20,208,False,none,"['Fe', 'Hf', 'Si']"
13413,K8O8Sn4,20,176,False,none,"['K', 'O', 'Sn']"
7449,B4Ca2H16,22,48,False,none,"['B', 'Ca', 'H']"
14630,Al4Cl16Rb4,24,160,False,none,"['Al', 'Cl', 'Rb']"
19947,Au12Cs4Ga8,24,368,False,none,"['Au', 'Cs', 'Ga']"
7332,F4Ga4O12Te4,24,216,False,none,"['F', 'Ga', 'O', 'Te']"
3112,Al4H12O12,28,96,False,none,"['Al', 'H', 'O']"
17764,Na2O18P6Pb2,28,184,False,none,"['Na', 'O', 'P', 'Pb']"
1360,Al3F18K6Li3,30,198,False,none,"['Al', 'F', 'K', 'Li']"
17123,Al8B4Co2O20,34,190,False,none,"['Al', 'B', 'Co', 'O']"
7884,As6K2O24Sn4,36,308,False,none,"['As', 'K', 'O', 'Sn']"
14098,Mn8O16Se4Sr8,36,360,False,none,"['Mn', 'O', 'Se', 'Sr']"
1428,Al8Br28K4,40,256,False,none,"['Al', 'Br', 'K']"
26571,Na8Nb8O24,40,320,False,none,"['Na', 'Nb', 'O']"
13610,Bi12Se26Sr8,46,676,False,none,"['Bi', 'Se', 'Sr']"
7587,Cr12Si24Zr12,48,408,False,none,"['Cr', 'Si', 'Zr']"
19673,Cu4Sb28Zr16,48,688,False,none,"['Cu', 'Sb', 'Zr']"
1356,I8Nb8Te34,50,704,False,none,"['I', 'Nb', 'Te']"
29862,Al20Li4O32,56,264,False,none,"['Al', 'Li', 'O']"
28982,Cs4H24Mn2O28S4,62,282,False,none,"['Cs', 'H', 'Mn', 'O', 'S']"
10228,B8H44Li4N8,64,120,False,none,"['B', 'H', 'Li', 'N']"
29580,Mo8O48P8Pb4,68,496,False,none,"['Mo', 'O', 'P', 'Pb']"
